date,draw,registered_utc,model_picks,random_picks,result,model_hit,random_hit
2026-09-10,Day,2026-09-10T12:25:40.531911+00:00,"484, 481, 444, 454, 487, 584, 414, 441, 581, 451","727, 583, 612, 292, 056, 115, 023, 684, 677, 191",275,False,False
2026-09-10,Night,2026-09-10T12:25:40.556233+00:00,"013, 033, 403, 003, 933, 113, 913, 112, 903, 703","218, 142, 044, 901, 276, 681, 240, 005, 014, 004",286,False,False
2026-09-11,Day,2026-09-11T13:02:20.961488+00:00,"481, 487, 484, 447, 482, 441, 480, 444, 417, 587","617, 794, 033, 773, 880, 906, 742, 610, 342, 816",552,False,False
2026-09-11,Night,2026-09-11T13:02:30.356871+00:00,"405, 705, 435, 313, 813, 935, 905, 484, 835, 833","976, 867, 424, 436, 898, 504, 339, 124, 353, 472",937,False,False
2026-09-12,Day,2026-09-12T13:03:10.581246+00:00,"481, 487, 484, 482, 581, 587, 584, 582, 480, 441","948, 487, 682, 669, 516, 010, 153, 379, 765, 993",654,False,False
2026-09-12,Night,2026-09-12T13:03:20.660126+00:00,"403, 237, 503, 504, 238, 837, 133, 404, 508, 137","171, 765, 649, 009, 528, 874, 856, 140, 287, 831",501,False,False
2026-09-13,Night,2026-09-13T13:03:27.621683+00:00,"813, 913, 312, 313, 213, 113, 912, 812, 815, 915","725, 861, 406, 396, 373, 006, 841, 252, 279, 860",218,False,False
2026-09-14,Day,2026-09-13T13:03:03.130872+00:00,"484, 584, 454, 482, 487, 481, 587, 582, 554, 452","930, 819, 130, 619, 161, 212, 043, 072, 645, 594",702,False,False
2026-09-14,Night,2026-09-14T13:02:35.171805+00:00,"404, 464, 213, 218, 818, 815, 113, 484, 403, 918","013, 136, 172, 704, 182, 739, 564, 546, 243, 740",116,False,False
2026-09-15,Day,2026-09-15T12:17:22.634234+00:00,"484, 482, 584, 454, 582, 452, 481, 444, 442, 554","363, 957, 933, 089, 739, 547, 314, 921, 264, 531",035,False,False
2026-09-15,Night,2026-09-15T12:17:32.282677+00:00,"216, 816, 815, 318, 313, 818, 218, 116, 918, 213","706, 194, 393, 730, 229, 898, 087, 107, 283, 363",433,False,False
2026-09-16,Day,2026-09-16T13:01:35.137427+00:00,"482, 582, 452, 484, 552, 584, 481, 581, 454, 442","333, 628, 289, 964, 463, 961, 757, 633, 171, 135",980,False,False
2026-09-16,Night,2026-09-16T13:01:59.334943+00:00,"113, 815, 215, 213, 118, 813, 115, 116, 218, 216","248, 048, 872, 352, 779, 400, 106, 656, 244, 141",974,False,False
2026-09-17,Day,2026-09-17T13:02:52.835718+00:00,"482, 481, 484, 480, 582, 581, 451, 584, 452, 454","424, 693, 057, 201, 132, 543, 685, 541, 151, 331",957,False,False
2026-09-17,Night,2026-09-17T13:03:17.284584+00:00,"116, 118, 110, 119, 113, 117, 818, 335, 916, 216","858, 171, 906, 685, 533, 365, 985, 757, 665, 117",782,False,False
2026-09-19,Night,2026-09-19T19:30:15.162949+00:00,"118, 213, 113, 918, 313, 913, 318, 316, 218, 463","010, 521, 132, 699, 947, 157, 190, 955, 397, 073",125,False,False
2026-09-20,Night,2026-09-20T13:04:01.243495+00:00,"215, 118, 115, 116, 315, 218, 318, 918, 316, 216","125, 187, 072, 136, 500, 147, 888, 456, 372, 501",756,False,False
2026-09-21,Day,2026-09-20T13:03:51.825694+00:00,"552, 452, 551, 052, 752, 451, 051, 751, 550, 582","779, 473, 637, 246, 670, 749, 500, 863, 382, 028",183,False,False
2026-09-21,Night,2026-09-21T13:02:35.606961+00:00,"116, 115, 409, 405, 404, 118, 815, 816, 113, 916","475, 557, 206, 086, 201, 633, 929, 471, 479, 102",391,False,False
2026-09-22,Day,2026-09-22T13:01:13.972855+00:00,"487, 482, 481, 587, 480, 582, 581, 082, 580, 087","425, 710, 067, 927, 624, 612, 815, 042, 465, 141",148,False,False
2026-09-22,Night,2026-09-22T13:01:37.781744+00:00,"116, 435, 405, 115, 215, 216, 935, 464, 465, 915","303, 197, 523, 080, 903, 588, 893, 816, 555, 327",130,False,False
2026-09-23,Day,2026-09-23T13:02:48.590132+00:00,"581, 580, 551, 081, 582, 550, 080, 584, 082, 051","484, 863, 571, 057, 881, 865, 014, 532, 097, 452",456,False,False
2026-09-23,Night,2026-09-23T13:03:12.080451+00:00,"116, 215, 210, 115, 110, 216, 235, 916, 890, 810","088, 663, 717, 739, 844, 806, 874, 967, 136, 425",783,False,False
2026-09-24,Day,2026-09-24T13:02:16.969060+00:00,"052, 552, 051, 551, 252, 054, 251, 752, 554, 952","595, 733, 635, 393, 973, 492, 727, 939, 405, 880",910,False,False
2026-09-24,Night,2026-09-24T13:02:26.758306+00:00,"116, 216, 816, 808, 716, 213, 599, 539, 888, 916","610, 840, 414, 592, 541, 376, 652, 227, 564, 053",168,False,False
2026-09-25,Day,2026-09-25T13:00:42.320922+00:00,"051, 050, 551, 054, 951, 081, 052, 550, 451, 151","439, 096, 723, 106, 519, 412, 540, 637, 896, 838",498,False,False
2026-09-25,Night,2026-09-25T13:00:51.133712+00:00,"116, 115, 117, 226, 113, 136, 118, 216, 229, 119","657, 882, 601, 812, 615, 244, 002, 456, 324, 053",196,False,False
2026-09-26,Day,2026-09-26T14:21:27.516106+00:00,"051, 451, 551, 050, 081, 450, 951, 481, 011, 052","819, 668, 724, 437, 995, 537, 701, 259, 633, 816",pending,,
2026-09-26,Night,2026-09-26T14:21:36.522851+00:00,"116, 136, 216, 115, 106, 236, 110, 196, 119, 296","613, 240, 633, 329, 211, 805, 588, 250, 928, 783",pending,,
